rank,filename,source_role,source_dataset,source_variant,source_file,ablation_anchor_rank,ablation_anchor_file,filler_kind,logit,sha256,anchor_weak_score,anchor_redundancy,filler_score,filler_anchor_similarity,filler_theme_score,pool_filename,max_selected_cosine,source_path,clip_score,best_prompt,max_selected_clip_cosine,selection_method,image_id,categories
0,candidate_00.ras,anchor_kept,openimages_anchor,ablate_anchor00_neutral_filler_044,/content/zoomer_stage_v14/anchor_ablation_tests_v11_import/anchor_ablation_tests_v11/ablate_anchor00_neutral_filler_044/candidate_00.ras,,,,0.325762570,1e680bf6acdd40b3bced00073e1765139de5b77c3f5a0a25c13d3a8ebca3daf4,0.593924999,0.457970142,0.626503587,0.553287745,0.156721100,retrieval_00029.ras,0.454927206,/content/datasets/openimages_rich_semantic/person_keyboard_mouse/84fa672c3bb3e18e.jpg,0.173309848,person using laptop at office desk,,,,
1,candidate_01.ras,strong_filler,rich_medical_openimages,openimages_medical_medical_equipment_laptop_poster/semantic_clip/clip_cluster_representatives,/content/zoomer_stage_v14/rich_medical_openimages_candidate_subsets/rich_medical_openimages/openimages_medical_medical_equipment_laptop_poster/semantic_clip/clip_cluster_representatives/candidate_00.ras,1,/content/zoomer_stage_v14/anchor_ablation_tests_v11_import/anchor_ablation_tests_v11/ablate_anchor00_neutral_filler_044/candidate_01.ras,strong_filler,0.170987293,a97e05eab965f050d690fde326c8d37f7b3ff2c1a0574f07fe42093497c4f8f5,0.512619317,0.431693047,0.876226962,0.783471763,0.253044665,retrieval_00042.ras,0.641868114,/content/datasets/openimages_medical_anatomy_semantic/medical_equipment_laptop_poster/df644b074f1646e7.jpg,0.267164737,medical research presentation board,,,,
2,candidate_02.ras,anchor_kept,openimages_anchor,ablate_anchor00_neutral_filler_044,/content/zoomer_stage_v14/anchor_ablation_tests_v11_import/anchor_ablation_tests_v11/ablate_anchor00_neutral_filler_044/candidate_02.ras,,,,0.259193033,3286360ac5a4026cf08c542556f061a7d18b5c8142a7d18e19e73c07307e49da,,,,,,retrieval_00081.ras,,/content/datasets/openimages_domain/person_book_chair/95585a0676f580fb.jpg,0.208970934,people in semi formal clothes in a conference room,0.385674745,clip_diverse,,
3,candidate_03.ras,anchor_kept,openimages_anchor,ablate_anchor00_neutral_filler_044,/content/zoomer_stage_v14/anchor_ablation_tests_v11_import/anchor_ablation_tests_v11/ablate_anchor00_neutral_filler_044/candidate_03.ras,,,,0.105212726,d731ead1b4003a6471c0ab245ee9937d9131270e0b7620f3249281c6e982e2ce,,,,,,retrieval_00529.ras,,/content/datasets/openimages_domain/person_book_chair/1d51cea4bb42dbf9.jpg,0.203740478,a person wearing a necktie sitting at a desk,0.280155927,clip_diverse,,
4,candidate_04.ras,anchor_kept,openimages_anchor,ablate_anchor00_neutral_filler_044,/content/zoomer_stage_v14/anchor_ablation_tests_v11_import/anchor_ablation_tests_v11/ablate_anchor00_neutral_filler_044/candidate_04.ras,,,,0.352116525,68433dd8cc630cd4db4c681d3abca0c2a0f2e8ce4958ce36d188b16b1115a77e,0.544203043,0.404261947,0.630132437,0.551053107,0.172185481,retrieval_00013.ras,,/content/datasets/openimages_rich_semantic/person_keyboard_mouse/28634d3efec11377.jpg,0.250811577,people seated at table with notebooks and documents,0.502844632,top18,,
5,candidate_05.ras,anchor_kept,openimages_anchor,ablate_anchor00_neutral_filler_044,/content/zoomer_stage_v14/anchor_ablation_tests_v11_import/anchor_ablation_tests_v11/ablate_anchor00_neutral_filler_044/candidate_05.ras,,,,0.332047462,b656e6636bcd6600db00ca06f5e57e674f015ce787858aacea4c44337d9b3fc0,0.549349546,0.358401865,0.635456800,0.564791620,0.144613206,retrieval_00025.ras,0.527800202,/content/datasets/openimages_rich_semantic/person_keyboard_mouse/419db62743171bce.jpg,0.160731435,lecture room projector screen people using laptops,,,,
6,candidate_06.ras,anchor_kept,openimages_anchor,ablate_anchor00_neutral_filler_044,/content/zoomer_stage_v14/anchor_ablation_tests_v11_import/anchor_ablation_tests_v11/ablate_anchor00_neutral_filler_044/candidate_06.ras,,,,0.113557085,3476b5b68c5a42c728ad66c6a66435ba904d362db4b3f698ccce8713b6f6d8a0,,,,,,retrieval_00491.ras,,/content/datasets/openimages_domain/person_book_chair/7484adc5ee36ff13.jpg,0.200305298,people in semi formal clothes in a conference room,0.363662541,clip_diverse,,
7,candidate_07.ras,anchor_kept,openimages_anchor,ablate_anchor00_neutral_filler_044,/content/zoomer_stage_v14/anchor_ablation_tests_v11_import/anchor_ablation_tests_v11/ablate_anchor00_neutral_filler_044/candidate_07.ras,,,,0.418666065,6a494e9adc7aa78049cd372a39278ad21cee829e7c7366c6b52195f469e77883,,,,,,retrieval_00006.ras,,/content/datasets/openimages_domain/person_book_chair/968a460084c588a1.jpg,0.178574473,a business meeting with people sitting at laptops,0.354787499,clip_diverse,,
8,candidate_08.ras,anchor_kept,openimages_anchor,ablate_anchor00_neutral_filler_044,/content/zoomer_stage_v14/anchor_ablation_tests_v11_import/anchor_ablation_tests_v11/ablate_anchor00_neutral_filler_044/candidate_08.ras,,,,0.081701696,0a47fd4418beb36b65ecd477d7c94199f7a505821dbebc61688202b82366fde3,0.547193408,0.449300706,0.783850014,0.685727715,0.330338299,retrieval_00015.ras,0.594398677,/content/datasets/coco/train2017/000000098922.jpg,,,,,98922,chair|keyboard|laptop|person|tie
9,candidate_09.ras,anchor_kept,openimages_anchor,ablate_anchor00_neutral_filler_044,/content/zoomer_stage_v14/anchor_ablation_tests_v11_import/anchor_ablation_tests_v11/ablate_anchor00_neutral_filler_044/candidate_09.ras,,,,0.135561273,1603b6df3faa0bbd6103c70ae8aea2a81835e910536c2df64e6effc294a28d55,0.527853549,0.378973305,0.771311700,0.668808341,0.331534028,retrieval_00005.ras,0.668318570,/content/datasets/coco/train2017/000000013985.jpg,,,,,13985,book|chair|handbag|laptop|person|tie
10,candidate_10.ras,anchor_kept,openimages_anchor,ablate_anchor00_neutral_filler_044,/content/zoomer_stage_v14/anchor_ablation_tests_v11_import/anchor_ablation_tests_v11/ablate_anchor00_neutral_filler_044/candidate_10.ras,,,,0.014341734,3c8499a95b22dd69f3d1796aaaff6b1326cccfc8f1fe498f5c03cd2a02f5dd22,0.546079993,0.390108973,0.783433914,0.702283382,0.282872379,retrieval_00025.ras,0.669328690,/content/datasets/coco/train2017/000000301603.jpg,,,,,301603,book|chair|clock|cup|laptop|person|tie
11,candidate_11.ras,anchor_kept,openimages_anchor,ablate_anchor00_neutral_filler_044,/content/zoomer_stage_v14/anchor_ablation_tests_v11_import/anchor_ablation_tests_v11/ablate_anchor00_neutral_filler_044/candidate_11.ras,,,,-0.100746386,027f90cb95ac2178e3b6c4bec634d8f80f9ec562fee44b6a1f1c7f1cc982bc32,0.534394801,0.356028765,0.767233729,0.690290213,0.300935179,retrieval_00039.ras,0.683646381,/content/datasets/coco/train2017/000000254821.jpg,,,,,254821,chair|handbag|laptop|person|tie|tv
12,candidate_12.ras,anchor_kept,openimages_anchor,ablate_anchor00_neutral_filler_044,/content/zoomer_stage_v14/anchor_ablation_tests_v11_import/anchor_ablation_tests_v11/ablate_anchor00_neutral_filler_044/candidate_12.ras,,,,0.209958628,5d705502538e8ab006233612e26b46c9983dec4b0cfcd26ffee804668dd9e6bd,,,,,,retrieval_00161.ras,,/content/datasets/openimages_domain/person_book_chair/be9c298bcc3923b7.jpg,0.164667264,people in semi formal clothes in a conference room,0.362367511,clip_diverse,,
13,candidate_13.ras,anchor_kept,openimages_anchor,ablate_anchor00_neutral_filler_044,/content/zoomer_stage_v14/anchor_ablation_tests_v11_import/anchor_ablation_tests_v11/ablate_anchor00_neutral_filler_044/candidate_13.ras,,,,-0.006371617,279f677dd4b9eb66896496a816ceec0c8b7d9dc376efad85876bcce20c12a520,0.528379679,0.350596011,0.779867649,0.698040009,0.291860521,retrieval_00030.ras,0.581683159,/content/datasets/coco/train2017/000000259467.jpg,,,,,259467,chair|laptop|mouse|person|tie
14,candidate_14.ras,anchor_kept,openimages_anchor,ablate_anchor00_neutral_filler_044,/content/zoomer_stage_v14/anchor_ablation_tests_v11_import/anchor_ablation_tests_v11/ablate_anchor00_neutral_filler_044/candidate_14.ras,,,,0.182458863,3b36ff6461b29c5eee810452b144c367f93bd7385dc1823941c9eb64ef501ad5,,,,,,retrieval_00224.ras,,/content/datasets/openimages_domain/person_book_chair/9ec8d039ae01d728.jpg,0.186506972,people in semi formal clothes in a conference room,0.372147858,clip_diverse,,
15,candidate_15.ras,anchor_kept,openimages_anchor,ablate_anchor00_neutral_filler_044,/content/zoomer_stage_v14/anchor_ablation_tests_v11_import/anchor_ablation_tests_v11/ablate_anchor00_neutral_filler_044/candidate_15.ras,,,,0.247166991,77a9c3dc285ac197967e8087add5f40fa3f3f2466169f1ef91a1d61ed64ff1a7,0.548291445,0.468073308,0.635917783,0.558439374,0.197598904,retrieval_00099.ras,0.301702201,/content/datasets/openimages_rich_semantic/person_keyboard_mouse/a1718587a4bbcd03.jpg,0.197035074,whiteboard presentation with seated people and laptops,,,,
16,candidate_16.ras,anchor_kept,openimages_anchor,ablate_anchor00_neutral_filler_044,/content/zoomer_stage_v14/anchor_ablation_tests_v11_import/anchor_ablation_tests_v11/ablate_anchor00_neutral_filler_044/candidate_16.ras,,,,0.145188615,e7f107a3f50bce0732c5eac80ef2226a4b62a9a6537e9f12bd354abf6b35673b,,,,,,retrieval_00362.ras,,/content/datasets/openimages_domain/person_book_chair/e23c0361ed8134d4.jpg,0.247416273,a presentation screen in a conference room with seated people,0.376108259,clip_diverse,,
17,candidate_17.ras,anchor_kept,openimages_anchor,ablate_anchor00_neutral_filler_044,/content/zoomer_stage_v14/anchor_ablation_tests_v11_import/anchor_ablation_tests_v11/ablate_anchor00_neutral_filler_044/candidate_17.ras,,,,0.288963646,7e319c48fe1fe6138d2d180d04ef2b9b7437cd376a3faa97bd862ebf92e0756d,0.496560842,0.378539145,0.676270306,0.590891957,0.216527551,retrieval_00048.ras,0.516559660,/content/datasets/openimages_domain/person_tie_chair/e7eca2eb3abfebf9.jpg,0.277938277,a presentation screen in a conference room with seated people,,,,
